,,,,AKA Yt,,,Yt/CMA,,,,,,,
t,Province,Year,No_Month,avg_unemployment_rate_month,MA(12),CMA(12),"St,It",,,,,,Month,St
1,Canada,1976,1,7.877777,,,,,,,,,1,#DIV/0!
2,Canada,1976,2,7.788888,,,,,,,,,2,1.000062808
3,Canada,1976,3,7.388888,,,,,,,,,3,0.996530204
4,Canada,1976,4,7.511111,,,,,,,,,4,1.00009344
5,Canada,1976,5,7.633333,,,,,,,,,5,1.014332762
6,Canada,1976,6,7.622222,7.86481425,8.052468639,0.946569598,,,,,,6,1.015227773
7,Canada,1976,7,8.277777,7.910184667,8.135956306,1.017431349,,,,,,7,1.008328872
8,Canada,1976,8,7.855555,7.991666167,8.223302,0.955279886,,,,,,8,1.0011239
9,Canada,1976,9,7.822222,8.086110667,8.314968681,0.940739803,,,,,,9,0.998244855
10,Canada,1976,10,8.144444,8.1879625,8.410802014,0.968331437,,,,,,10,0.996958681
11,Canada,1976,11,8.177777,8.274073583,8.505555097,0.961463056,,,,,,11,0.993724231
12,Canada,1976,12,8.277777,8.36574025,8.604474861,0.962031633,,,,,,12,0.994844702
13,Canada,1977,1,8.422222,8.434258833,8.704166236,0.967608128,,,,,,,
14,Canada,1977,2,8.766666,8.54166625,8.802931667,0.995880274,,,,,,,
15,Canada,1977,3,8.522222,8.661110667,8.889351417,0.95870009,,,,,,,
16,Canada,1977,4,8.733333,8.756481,8.968518083,0.973776595,,,,,,,
17,Canada,1977,5,8.666666,8.867592167,9.040277347,0.958672579,,,,,,,
18,Canada,1977,6,8.722222,8.9638885,9.105092167,0.957949886,,,,,,,
19,Canada,1977,7,9.1,9.026851417,9.162036611,0.99322895,,,,,,,
20,Canada,1977,8,9.144444,9.06018475,9.210647722,0.992812262,,,,,,,
21,Canada,1977,9,9.255555,9.136110667,9.255863778,0.99996664,,,,,,,
22,Canada,1977,10,9.288888,9.187036583,9.290123042,0.999867059,,,,,,,
23,Canada,1977,11,9.511111,9.256481083,9.312345278,1.021344325,,,,,,,
24,Canada,1977,12,9.433333,9.305555167,9.318826764,1.012287624,,,,,,,
25,Canada,1978,1,9.177777,9.318518083,9.313734167,0.985402507,,,,,,,
26,Canada,1978,2,9.166666,9.331481083,9.305092194,0.985123608,,,,,,,
27,Canada,1978,3,9.433333,9.34166625,9.289968736,1.015432158,,,,,,,
28,Canada,1978,4,9.344444,9.32037,9.263271208,1.008762865,,,,,,,
29,Canada,1978,5,9.5,9.29537,9.233332931,1.028880911,,,,,,,
30,Canada,1978,6,9.311111,9.274999583,9.192129208,1.012943877,,,,,,,
31,Canada,1978,7,9.255555,9.26666625,9.138425486,1.012817253,,,,,,,
32,Canada,1978,8,9.3,9.240740333,9.068209417,1.025560789,,,,,,,
33,Canada,1978,9,9.377777,9.181481083,8.982715556,1.04398018,,,,,,,
34,Canada,1978,10,9.033333,9.140740333,8.884721694,1.016726613,,,,,,,
35,Canada,1978,11,9.211111,9.048147667,8.778703139,1.049256462,,,,,,,
36,Canada,1978,12,9.188888,8.95277725,8.670061139,1.0598412,,,,,,,
37,Canada,1979,1,9.077777,8.845369833,8.560493222,1.060426866,,,,,,,
38,Canada,1979,2,8.855555,8.727777167,8.456172222,1.047229736,,,,,,,
39,Canada,1979,3,8.722222,8.593517917,8.363579625,1.042881444,,,,,,,
40,Canada,1979,4,8.855555,8.504629,8.290277153,1.068185639,,,,,,,
41,Canada,1979,5,8.388888,8.396295667,8.226079625,1.019791733,,,,,,,
42,Canada,1979,6,8.166666,8.29536975,8.183024083,0.998000973,,,,,,,
43,Canada,1979,7,7.966666,8.219443833,8.161882125,0.976081972,,,,,,,
44,Canada,1979,8,7.888888,8.172221583,8.160647569,0.966698774,,,,,,,
45,Canada,1979,9,7.766666,8.153703083,8.175925375,0.949943357,,,,,,,
46,Canada,1979,10,7.966666,8.119443833,8.197993306,0.971782448,,,,,,,
47,Canada,1979,11,7.911111,8.137962417,8.228548889,0.961422373,,,,,,,
48,Canada,1979,12,7.977777,8.168518,8.255863722,0.966316459,,,,,,,
49,Canada,1980,1,8.166666,8.2120365,8.279629167,0.986356494,,,,,,,
50,Canada,1980,2,8.288888,8.263888417,8.295369931,0.999218609,,,,,,,
51,Canada,1980,3,8.5,8.286110667,8.300616861,1.02402028,,,,,,,
52,Canada,1980,4,8.444444,8.302777333,8.296758847,1.017800343,,,,,,,
53,Canada,1980,5,8.611111,8.301851417,8.282252681,1.039706386,,,,,,,
54,Canada,1980,6,8.533333,8.311110667,8.257561319,1.033396262,,,,,,,
55,Canada,1980,7,8.488888,8.306481083,8.223456375,1.03227738,,,,,,,
56,Canada,1980,8,8.511111,8.29537,8.181944028,1.0402309,,,,,,,
57,Canada,1980,9,8.033333,8.262962583,8.131944014,0.987873624,,,,,,,
58,Canada,1980,10,8.166666,8.215740333,8.100153875,1.008211217,,,,,,,
59,Canada,1980,11,7.9,8.15370325,8.086727944,0.976909333,,,,,,,
60,Canada,1980,12,8.088888,8.106481,8.100771153,0.998533084,,,,,,,
61,Canada,1981,1,8.111111,8.057407,8.142129181,0.996190409,,,,,,,
62,Canada,1981,2,8.155555,7.995369917,8.212653861,0.993047453,,,,,,,
63,Canada,1981,3,8.111111,8.07222175,8.317283486,0.97521156,,,,,,,
64,Canada,1981,4,7.877777,8.13518475,8.438888417,0.933508847,,,,,,,
65,Canada,1981,5,7.866666,8.2379625,8.589197056,0.915879092,,,,,,,
66,Canada,1981,6,7.966666,8.354629167,8.771295819,0.90826557,,,,,,,
67,Canada,1981,7,7.9,8.480555083,8.992283472,0.878531023,,,,,,,
68,Canada,1981,8,7.766666,8.623147667,9.264505694,0.838324921,,,,,,,
69,Canada,1981,9,8.955555,8.801851333,9.588116806,0.934026481,,,,,,,
70,Canada,1981,10,8.922222,9.037036583,9.944906931,0.897164957,,,,,,,
71,Canada,1981,11,9.133333,9.330555083,10.33379581,0.883831379,,,,,,,
72,Canada,1981,12,9.488888,9.680555083,10.74197481,0.8833467,,,,,,,
73,Canada,1982,1,9.622222,10.11388842,11.15678961,0.862454374,,,,,,,
74,Canada,1982,2,9.866666,10.56481433,11.55756121,0.853697923,,,,,,,
75,Canada,1982,3,10.255555,10.94259208,11.93811676,0.8590597,,,,,,,
76,Canada,1982,4,10.7,11.37036983,12.30416615,0.869624147,,,,,,,
77,Canada,1982,5,11.388888,11.77962908,12.64151183,0.900911865,,,,,,,
78,Canada,1982,6,12.166666,12.16944392,12.94382665,0.939958972,,,,,,,
79,Canada,1982,7,13.1,12.518518,13.20061678,0.992377873,,,,,,,
80,Canada,1982,8,13.177777,12.84814767,13.39799332,0.983563485,,,,,,,
81,Canada,1982,9,13.488888,13.13888842,13.53641924,0.99648864,,,,,,,
82,Canada,1982,10,14.055555,13.39444392,13.61080194,1.032676477,,,,,,,
83,Canada,1982,11,14.044444,13.593518,13.61836368,1.031287189,,,,,,,
84,Canada,1982,12,14.166666,13.71018467,13.56928961,1.044024146,,,,,,,
85,Canada,1983,1,13.811111,13.70277725,13.47777728,1.024732099,,,,,,,
86,Canada,1983,2,13.822222,13.67870317,13.36790075,1.033985983,,,,,,,
87,Canada,1983,3,13.744444,13.58518467,13.24012299,1.038090357,,,,,,,
88,Canada,1983,4,13.766666,13.43981433,13.10601806,1.050407984,,,,,,,
89,Canada,1983,5,13.777777,13.29907358,12.97854893,1.061580695,,,,,,,
90,Canada,1983,6,13.566666,13.16111067,12.86018475,1.054935544,,,,,,,
91,Canada,1983,7,13.011111,13.04351808,12.74521563,1.020862368,,,,,,,
92,Canada,1983,8,12.888888,12.91203658,12.63796254,1.019854898,,,,,,,
93,Canada,1983,9,12.366666,12.78055508,12.54290082,0.985949437,,,,,,,
94,Canada,1983,10,12.311111,12.67499958,12.47546256,0.986826015,,,,,,,
95,Canada,1983,11,12.355555,12.5888885,12.42469094,0.9944356,,,,,,,
96,Canada,1983,12,12.511111,12.47129592,12.38904279,1.009852917,,,,,,,
97,Canada,1984,1,12.4,12.39999958,12.36651192,1.002707965,,,,,,,
98,Canada,1984,2,12.244444,12.34166625,12.34413536,0.99192399,,,,,,,
99,Canada,1984,3,12.166666,12.3759255,12.32361065,0.987264718,,,,,,,
100,Canada,1984,4,12.5,12.37036992,12.29645015,1.016553546,,,,,,,
101,Canada,1984,5,12.744444,12.37499958,12.26327114,1.03923691,,,,,,,
102,Canada,1984,6,12.155555,12.33611067,12.21296249,0.995299463,,,,,,,
103,Canada,1984,7,12.155555,12.26574025,12.16280817,0.99940366,,,,,,,
104,Canada,1984,8,12.188888,12.218518,12.11357978,1.006216843,,,,,,,
105,Canada,1984,9,12.777777,12.2129625,12.0598761,1.05952805,,,,,,,
106,Canada,1984,10,12.244444,12.17129583,11.98611068,1.021552723,,,,,,,
107,Canada,1984,11,12.411111,12.07314767,11.90802428,1.042247707,,,,,,,
108,Canada,1984,12,12.044444,12.03518475,11.83009219,1.0181192,,,,,,,
109,Canada,1985,1,11.555555,11.97036992,11.74506133,0.98386502,,,,,,,
110,Canada,1985,2,11.677777,11.89629592,11.66141936,1.001402714,,,,,,,
111,Canada,1985,3,12.1,11.77037,11.58209838,1.044715699,,,,,,,
112,Canada,1985,4,12,11.70277742,11.50802429,1.042750666,,,,,,,
113,Canada,1985,5,11.566666,11.60555517,11.42469094,1.012427037,,,,,,,
114,Canada,1985,6,11.7,11.52499958,11.3427465,1.031496208,,,,,,,
115,Canada,1985,7,11.377777,11.46851808,11.25555514,1.010858803,,,,,,,
116,Canada,1985,8,11.3,11.42037,11.16311688,1.012262088,,,,,,,
117,Canada,1985,9,11.266666,11.3259255,11.06836378,1.017916128,,,,,,,
118,Canada,1985,10,11.433333,11.20277733,10.978086,1.041468704,,,,,,,
119,Canada,1985,11,11.244444,11.1138885,10.89228353,1.032331189,,,,,,,
120,Canada,1985,12,11.077777,11.00185142,10.80601808,1.025148849,,,,,,,
121,Canada,1986,1,10.877777,10.9138885,10.72916624,1.013851101,,,,,,,
122,Canada,1986,2,11.1,10.85185142,10.6604934,1.041227604,,,,,,,
123,Canada,1986,3,10.966666,10.78425883,10.59151193,1.035420257,,,,,,,
124,Canada,1986,4,10.522222,10.6879625,10.52515392,0.999721437,,,,,,,
125,Canada,1986,5,10.5,10.59629583,10.46867244,1.002992505,,,,,,,
126,Canada,1986,6,10.355555,10.54074033,10.41759219,0.994044958,,,,,,,
127,Canada,1986,7,10.322222,10.5018515,10.36712922,0.995668307,,,,,,,
128,Canada,1986,8,10.555555,10.43796258,10.31280821,1.023538379,,,,,,,
129,Canada,1986,9,10.455555,10.38611075,10.25339461,1.019716435,,,,,,,
130,Canada,1986,10,10.277777,10.34907367,10.1836415,1.009243796,,,,,,,
131,Canada,1986,11,10.144444,10.28981433,10.10370322,1.004032262,,,,,,,
132,Canada,1986,12,10.411111,10.2379625,10.0182094,1.039218745,,,,,,,
133,Canada,1987,1,10.411111,10.17592542,9.918518042,1.049663968,,,,,,,
134,Canada,1987,2,10.333333,10.081481,9.807715569,1.053592238,,,,,,,
135,Canada,1987,3,10.344444,9.967592083,9.687345194,1.067830638,,,,,,,
136,Canada,1987,4,10.077777,9.869444,9.560030375,1.054157425,,,,,,,
137,Canada,1987,5,9.788888,9.776851417,9.425308139,1.038574851,,,,,,,
138,Canada,1987,6,9.733333,9.639814333,9.289505667,1.047777282,,,,,,,
139,Canada,1987,7,9.577777,9.511110583,9.154629125,1.046222285,,,,,,,
140,Canada,1987,8,9.422222,9.35925875,9.025616792,1.043942172,,,,,,,
141,Canada,1987,9,9.088888,9.203703167,8.910030375,1.020073739,,,,,,,
142,Canada,1987,10,9.1,9.061110583,8.813579778,1.032497604,,,,,,,
143,Canada,1987,11,9.033333,8.962036583,8.732561278,1.034442555,,,,,,,
144,Canada,1987,12,8.766666,8.830555083,8.660647708,1.012241381,,,,,,,
145,Canada,1988,1,8.866666,8.737036583,8.603703278,1.030563899,,,,,,,
146,Canada,1988,2,8.511111,8.66574025,8.552314403,0.995182193,,,,,,,
147,Canada,1988,3,8.477777,8.624999583,8.510339111,0.996173817,,,,,,,
148,Canada,1988,4,8.366666,8.574999583,8.470678625,0.987720863,,,,,,,
149,Canada,1988,5,8.6,8.530555167,8.441049,1.018830716,,,,,,,
150,Canada,1988,6,8.155555,8.4888885,8.414197139,0.969261222,,,,,,,
151,Canada,1988,7,8.455555,8.428703333,8.395678611,1.007131811,,,,,,,
152,Canada,1988,8,8.566666,8.4138885,8.381944028,1.022038082,,,,,,,
153,Canada,1988,9,8.6,8.387036667,8.362499569,1.028400651,,,,,,,
154,Canada,1988,10,8.5,8.397221833,8.340123,1.019169621,,,,,,,
155,Canada,1988,11,8.5,8.369444,8.310493347,1.022803298,,,,,,,
156,Canada,1988,12,8.266666,8.377777333,8.281480986,0.99821107,,,,,,,
157,Canada,1989,1,8.144444,8.346295833,8.251079736,0.987076148,,,,,,,
158,Canada,1989,2,8.333333,8.29722175,8.232561208,1.012240637,,,,,,,
159,Canada,1989,3,8.155555,8.25277725,8.222993292,0.991798815,,,,,,,
160,Canada,1989,4,8.488888,8.219443917,8.217437736,1.033033443,,,,,,,
161,Canada,1989,5,8.266666,8.195369833,8.214351319,1.006368693,,,,,,,
162,Canada,1989,6,8.255555,8.195369833,8.218672319,1.004487669,,,,,,,
163,Canada,1989,7,8.077777,8.235184667,8.222376042,0.982413959,,,,,,,
164,Canada,1989,8,7.977777,8.23981425,8.228085944,0.969578715,,,,,,,
165,Canada,1989,9,8.066666,8.219443917,8.245678569,0.978290135,,,,,,,
166,Canada,1989,10,8.1,8.200925417,8.283178597,0.977885471,,,,,,,
167,Canada,1989,11,8.211111,8.221295833,8.345369972,0.983912161,,,,,,,
168,Canada,1989,12,8.266666,8.217592167,8.428857625,0.980757579,,,,,,,
169,Canada,1990,1,8.622222,8.269444083,8.543981083,1.009157431,,,,,,,
170,Canada,1990,2,8.388888,8.34537,8.681481069,0.966296872,,,,,,,
171,Canada,1990,3,7.911111,8.444444083,8.845369958,0.894378758,,,,,,,
172,Canada,1990,4,8.266666,8.574073667,9.044598347,0.913989288,,,,,,,
173,Canada,1990,5,8.511111,8.72222175,9.267283542,0.918404078,,,,,,,
174,Canada,1990,6,8.211111,8.908332917,9.505863806,0.863794303,,,,,,,
175,Canada,1990,7,8.7,9.094444,9.762653931,0.891151122,,,,,,,
176,Canada,1990,8,8.888888,9.328703333,10.03101813,0.886140159,,,,,,,
177,Canada,1990,9,9.255555,9.639814417,10.29814775,0.898759197,,,,,,,
178,Canada,1990,10,9.655555,9.910184833,10.54367244,0.915767732,,,,,,,
179,Canada,1990,11,9.988888,10.15370333,10.76620331,0.927800425,,,,,,,
180,Canada,1990,12,10.5,10.44907367,10.96604899,0.957500738,,,,,,,
181,Canada,1991,1,10.855555,10.70462917,11.12793171,0.975523151,,,,,,,
182,Canada,1991,2,11.2,10.93148108,11.25802432,0.994845959,,,,,,,
183,Canada,1991,3,11.644444,11.11296258,11.35663543,1.025342767,,,,,,,
184,Canada,1991,4,11.511111,11.24537,11.43194407,1.006925063,,,,,,,
185,Canada,1991,5,11.433333,11.35277742,11.4918206,0.994910502,,,,,,,
186,Canada,1991,6,11.755555,11.42037,11.54444404,1.018286802,,,,,,,
187,Canada,1991,7,11.766666,11.48518483,11.6001539,1.014354301,,,,,,,
188,Canada,1991,8,11.611111,11.52314775,11.65771561,0.996002252,,,,,,,
189,Canada,1991,9,11.433333,11.56481442,11.73070942,0.97464975,,,,,,,
190,Canada,1991,10,11.244444,11.60462917,11.81759211,0.951500432,,,,,,,
191,Canada,1991,11,11.277777,11.66851808,11.91651185,0.946399177,,,,,,,
192,Canada,1991,12,11.311111,11.75462917,12.03456739,0.939885135,,,,,,,
193,Canada,1992,1,11.633333,11.83055508,12.16265379,0.956479827,,,,,,,
194,Canada,1992,2,11.655555,11.96111058,12.28873403,0.948474837,,,,,,,
195,Canada,1992,3,12.144444,12.08611058,12.4003081,0.979366311,,,,,,,
196,Canada,1992,4,11.988888,12.19814758,12.49629575,0.959395347,,,,,,,
197,Canada,1992,5,12.2,12.37685133,12.58641922,0.969298717,,,,,,,
198,Canada,1992,6,12.788888,12.52314758,12.65972169,1.010202934,,,,,,,
199,Canada,1992,7,12.677777,12.5870365,12.71496863,0.997074973,,,,,,,
200,Canada,1992,8,13.177777,12.630555,12.76342543,1.032463979,,,,,,,
201,Canada,1992,9,12.933333,12.6620365,12.79722175,1.010636,,,,,,,
202,Canada,1992,10,12.588888,12.73888842,12.82361065,0.981696056,,,,,,,
203,Canada,1992,11,13.422222,12.81666617,12.83966004,1.04537207,,,,,,,
204,Canada,1992,12,13.066666,12.85462917,12.83302425,1.018206289,,,,,,,
205,Canada,1993,1,12.4,12.87777733,12.81481438,0.967630091,,,,,,,
206,Canada,1993,2,12.177777,12.83333292,12.79938226,0.951434745,,,,,,,
207,Canada,1993,3,12.522222,12.82036992,12.79876497,0.978392996,,,,,,,
208,Canada,1993,4,12.911111,12.83518475,12.79398101,1.009155085,,,,,,,
209,Canada,1993,5,13.133333,12.77685142,12.78070939,1.0275903,,,,,,,
210,Canada,1993,6,13.244444,12.74536992,12.76496863,1.037561814,,,,,,,
211,Canada,1993,7,12.955555,12.78518467,12.73286983,1.017489,,,,,,,
212,Canada,1993,8,12.644444,12.82962917,12.67237599,0.997795837,,,,,,,
213,Canada,1993,9,12.777777,12.79166617,12.58919694,1.014979514,,,,,,,
214,Canada,1993,10,12.766666,12.755555,12.48965989,1.022178835,,,,,,,
215,Canada,1993,11,12.722222,12.68240683,12.37638828,1.027943025,,,,,,,
216,Canada,1993,12,12.688888,12.55277717,12.24753025,1.036036469,,,,,,,
217,Canada,1994,1,12.877777,12.42222158,12.11373396,1.063072463,,,,,,,
218,Canada,1994,2,12.711111,12.33055492,11.97361051,1.061593826,,,,,,,
219,Canada,1994,3,12.066666,12.19444383,11.82036978,1.020836592,,,,,,,
220,Canada,1994,4,12.477777,12.07592533,11.67438213,1.068816908,,,,,,,
221,Canada,1994,5,12.255555,11.90925867,11.52530806,1.063360297,,,,,,,
222,Canada,1994,6,11.688888,11.74999942,11.38286979,1.0268841,,,,,,,
223,Canada,1994,7,11.388888,11.58148092,11.25509203,1.011887595,,,,,,,
224,Canada,1994,8,11.544444,11.4111105,11.15092538,1.035290221,,,,,,,
225,Canada,1994,9,11.144444,11.31851792,11.06604885,1.007084295,,,,,,,
226,Canada,1994,10,11.344444,11.18148092,10.99043158,1.032210966,,,,,,,
227,Canada,1994,11,10.722222,11.05462908,10.92885753,0.981092669,,,,,,,
228,Canada,1994,12,10.777777,10.98333283,10.88734519,0.989936188,,,,,,,
229,Canada,1995,1,10.855555,10.956481,10.85848718,0.999729964,,,,,,,
230,Canada,1995,2,10.666666,10.90185133,10.83379583,0.984573289,,,,,,,
231,Canada,1995,3,10.955555,10.86481433,10.82129585,1.012406939,,,,,,,
232,Canada,1995,4,10.833333,10.81203658,10.81280821,1.001898193,,,,,,,
233,Canada,1995,5,10.733333,10.80555508,10.80910451,0.992990029,,,,,,,
234,Canada,1995,6,10.833333,10.81018475,10.80262304,1.002842824,,,,,,,
235,Canada,1995,7,11.066666,10.80833292,10.79922799,1.024764549,,,,,,,
236,Canada,1995,8,10.888888,10.82685142,10.79567861,1.008633954,,,,,,,
237,Canada,1995,9,10.7,10.8138885,10.78688233,0.991945557,,,,,,,
238,Canada,1995,10,10.711111,10.78981442,10.79043172,0.992648976,,,,,,,
239,Canada,1995,11,10.644444,10.76666625,10.80910457,0.984766493,,,,,,,
240,Canada,1995,12,10.833333,10.78981442,10.84552433,0.998875911,,,,,,,
241,Canada,1996,1,10.833333,10.78703667,10.88595644,0.995165933,,,,,,,
242,Canada,1996,2,10.888888,10.77407375,10.93287003,0.995977083,,,,,,,
243,Canada,1996,3,10.8,10.83518483,10.98688238,0.982990409,,,,,,,
244,Canada,1996,4,10.544444,10.9018515,11.03580213,0.955475994,,,,,,,
245,Canada,1996,5,10.455555,10.98518483,11.08209842,0.943463468,,,,,,,
246,Canada,1996,6,11.111111,11.03240708,11.12623422,0.99864076,,,,,,,
247,Canada,1996,7,11.033333,11.06851817,11.16404286,0.988291888,,,,,,,
248,Canada,1996,8,10.733333,11.09814783,11.19614163,0.958663561,,,,,,,
249,Canada,1996,9,11.433333,11.12870333,11.2254626,1.018517758,,,,,,,
250,Canada,1996,10,11.511111,11.17962925,11.24135765,1.02399651,,,,,,,
251,Canada,1996,11,11.644444,11.24999967,11.23842554,1.036127699,,,,,,,
252,Canada,1996,12,11.4,11.25925892,11.21219096,1.016750432,,,,,,,
253,Canada,1997,1,11.266666,11.26111075,11.16913539,1.008732154,,,,,,,
254,Canada,1997,2,11.244444,11.27407367,11.11867242,1.011311745,,,,,,,
255,Canada,1997,3,11.166666,11.22407367,11.05401192,1.01019124,,,,,,,
256,Canada,1997,4,11.155555,11.16203658,10.98487611,1.015537625,,,,,,,
257,Canada,1997,5,11.3,11.09259217,10.9134255,1.035421921,,,,,,,
258,Canada,1997,6,11.222222,11.0009255,10.8354934,1.035690908,,,,,,,
259,Canada,1997,7,11.055555,10.95833292,10.76033908,1.027435559,,,,,,,
260,Canada,1997,8,10.888888,10.88611067,10.67839464,1.019712079,,,,,,,
261,Canada,1997,9,10.833333,10.80925883,10.59398107,1.0225932,,,,,,,
262,Canada,1997,10,10.766666,10.73333292,10.5095675,1.024463281,,,,,,,
263,Canada,1997,11,10.811111,10.62499958,10.42376504,1.03715989,,,,,,,
264,Canada,1997,12,10.3,10.54999958,10.34197493,0.995941304,,,,,,,
265,Canada,1998,1,10.755555,10.46666625,10.26790086,1.04749307,,,,,,,
266,Canada,1998,2,10.377777,10.37962925,10.19135765,1.018291905,,,,,,,
267,Canada,1998,3,10.244444,10.30277742,10.11836382,1.01246053,,,,,,,
268,Canada,1998,4,10.244444,10.21851817,10.04891936,1.01945728,,,,,,,
269,Canada,1998,5,10,10.13425892,9.990740333,1.000926825,,,,,,,
270,Canada,1998,6,10.322222,10.10555517,9.943363764,1.038101617,,,,,,,
271,Canada,1998,7,10.055555,10.007407,9.883950167,1.017361969,,,,,,,
272,Canada,1998,8,9.844444,9.94166625,9.828548917,1.001617236,,,,,,,
273,Canada,1998,9,9.911111,9.886110667,9.771913097,1.014244693,,,,,,,
274,Canada,1998,10,9.755555,9.869444,9.713888389,1.004289385,,,,,,,
275,Canada,1998,11,9.8,9.8499995,9.645524181,1.016015285,,,,,,,
276,Canada,1998,12,9.955555,9.749073583,9.561110597,1.041255082,,,,,,,
277,Canada,1999,1,9.577777,9.6749995,9.469752569,1.011407313,,,,,,,
278,Canada,1999,2,9.588888,9.601851333,9.371604431,1.023185312,,,,,,,
279,Canada,1999,3,9.577777,9.537962417,9.269289639,1.033280583,,,,,,,
280,Canada,1999,4,10.044444,9.45925875,9.160802014,1.09645902,,,,,,,
281,Canada,1999,5,9.766666,9.343518,9.040894625,1.0802765,,,,,,,
282,Canada,1999,6,9.111111,9.200925417,8.917900819,1.021665433,,,,,,,
283,Canada,1999,7,9.166666,9.086110667,8.806018125,1.040954705,,,,,,,
284,Canada,1999,8,8.966666,8.987962583,8.699690972,1.030687875,,,,,,,
285,Canada,1999,9,9.144444,8.887036667,8.605092208,1.062678212,,,,,,,
286,Canada,1999,10,8.811111,8.739814417,8.518518139,1.034347859,,,,,,,
287,Canada,1999,11,8.411111,8.605555167,8.454320611,0.99488905,,,,,,,
288,Canada,1999,12,8.244444,8.52962925,8.410956417,0.980202915,,,,,,,
289,Canada,2000,1,8.2,8.44814775,8.377777403,0.978779885,,,,,,,
290,Canada,2000,2,8.411111,8.42037,8.358024306,1.006351584,,,,,,,
291,Canada,2000,3,8.366666,8.36759225,8.344444042,1.002663084,,,,,,,
292,Canada,2000,4,8.277777,8.35462925,8.342746486,0.992212458,,,,,,,
293,Canada,2000,5,8.155555,8.34537,8.346913139,0.977074382,,,,,,,
294,Canada,2000,6,8.2,8.330555167,8.353857569,0.981582452,,,,,,,
295,Canada,2000,7,8.188888,8.329629167,8.369906931,0.978372647,,,,,,,
296,Canada,2000,8,8.633333,8.338888417,8.391357542,1.028836271,,,,,,,
297,Canada,2000,9,8.511111,8.357406917,8.410647653,1.011944781,,,,,,,
298,Canada,2000,10,8.655555,8.379629167,8.427314306,1.027083444,,,,,,,
299,Canada,2000,11,8.3,8.387036583,8.44243775,0.983128362,,,,,,,
300,Canada,2000,12,8.066666,8.426851333,8.469443903,0.952443406,,,,,,,
301,Canada,2001,1,8.188888,8.458332833,8.511727847,0.962071174,,,,,,,
302,Canada,2001,2,8.522222,8.454629083,8.567437722,0.994722375,,,,,,,
303,Canada,2001,3,8.588888,8.457406833,8.636573528,0.994478652,,,,,,,
304,Canada,2001,4,8.544444,8.470369833,8.717746375,0.980120737,,,,,,,
305,Canada,2001,5,8.244444,8.5490735,8.804783417,0.936359659,,,,,,,
306,Canada,2001,6,8.677777,8.680555,8.894289597,0.975657123,,,,,,,
307,Canada,2001,7,8.566666,8.792592083,8.96743775,0.955308109,,,,,,,
308,Canada,2001,8,8.588888,8.869443917,9.029011819,0.951254486,,,,,,,
309,Canada,2001,9,8.544444,8.944443917,9.083024167,0.940704752,,,,,,,
310,Canada,2001,10,8.811111,8.992592083,9.132252569,0.964834353,,,,,,,
311,Canada,2001,11,9.244444,9.086110583,9.178857514,1.007145387,,,,,,,
312,Canada,2001,12,9.644444,9.119443917,9.210339,1.047132359,,,,,,,
313,Canada,2002,1,9.533333,9.1620365,9.229320486,1.032939859,,,,,,,
314,Canada,2002,2,9.444444,9.193518,9.234567403,1.02272728,,,,,,,
315,Canada,2002,3,9.488888,9.239814333,9.229474806,1.028107037,,,,,,,
316,Canada,2002,4,9.122222,9.27222175,9.2081785,0.990665201,,,,,,,
317,Canada,2002,5,9.366666,9.2749995,9.183487125,1.019946549,,,,,,,
318,Canada,2002,6,9.077777,9.233332833,9.158332792,0.991204099,,,,,,,
319,Canada,2002,7,9.077777,9.193518,9.141048833,0.993078274,,,,,,,
320,Canada,2002,8,8.966666,9.162962417,9.13379575,0.981702049,,,,,,,
321,Canada,2002,9,9.1,9.1120365,9.137499458,0.995896092,,,,,,,
322,Canada,2002,10,9.2,9.1240735,9.154783403,1.004939123,,,,,,,
323,Canada,2002,11,9.277777,9.1240735,9.169752528,1.011780522,,,,,,,
324,Canada,2002,12,9.144444,9.129629083,9.181326597,0.995982868,,,,,,,
325,Canada,2003,1,9.055555,9.1499995,9.190277208,0.985340789,,,,,,,
326,Canada,2003,2,9.077777,9.185184667,9.196141389,0.987128907,,,,,,,
327,Canada,2003,3,8.877777,9.215740167,9.197067306,0.965283465,,,,,,,
328,Canada,2003,4,9.266666,9.21388825,9.196450028,1.007635117,,,,,,,
329,Canada,2003,5,9.366666,9.193517917,9.190894486,1.019124527,,,,,,,
330,Canada,2003,6,9.144444,9.18333275,9.181326597,0.995982868,,,,,,,
331,Canada,2003,7,9.322222,9.185184583,9.169443889,1.016661655,,,,,,,
332,Canada,2003,8,9.388888,9.190740167,9.149227847,1.026194577,,,,,,,
333,Canada,2003,9,9.466666,9.2120365,9.119289583,1.038092487,,,,,,,
334,Canada,2003,10,9.177777,9.180555,9.071913042,1.011669419,,,,,,,
335,Canada,2003,11,9.033333,9.136110583,9.022221694,1.001231549,,,,,,,
336,Canada,2003,12,9.022222,9.1120365,8.975153792,1.005244279,,,,,,,
337,Canada,2004,1,9.077777,9.063888333,8.926697,1.016924513,,,,,,,
338,Canada,2004,2,9.144444,9.011110583,8.877622931,1.030055463,,,,,,,
339,Canada,2004,3,9.133333,8.92777725,8.827931569,1.034594902,,,,,,,
340,Canada,2004,4,8.888888,8.882406917,8.780555028,1.012337827,,,,,,,
341,Canada,2004,5,8.833333,8.853703167,8.730246389,1.011807984,,,,,,,
342,Canada,2004,6,8.855555,8.82129575,8.681480972,1.02005119,,,,,,,
343,Canada,2004,7,8.744444,8.769443917,8.632098278,1.01301488,,,,,,,
344,Canada,2004,8,8.755555,8.712962417,8.584876069,1.019881351,,,,,,,
345,Canada,2004,9,8.466666,8.643518,8.537808181,0.991667395,,,,,,,
346,Canada,2004,10,8.633333,8.580555083,8.498919306,1.015815387,,,,,,,
347,Canada,2004,11,8.688888,8.561110667,8.463271167,1.026658349,,,,,,,
348,Canada,2004,12,8.633333,8.524999583,8.416511917,1.025761394,,,,,,,
349,Canada,2005,1,8.455555,8.486110667,8.366357597,1.010661438,,,,,,,
350,Canada,2005,2,8.466666,8.430555083,8.317900819,1.017884943,,,,,,,
351,Canada,2005,3,8.3,8.41018475,8.269752694,1.003657583,,,,,,,
352,Canada,2005,4,8.133333,8.36666625,8.219444069,0.989523492,,,,,,,
353,Canada,2005,5,8.6,8.280555167,8.172376181,1.052325518,,,,,,,
354,Canada,2005,6,8.422222,8.224073667,8.124228028,1.036679666,,,,,,,
355,Canada,2005,7,8.277777,8.19537,8.073765056,1.025268502,,,,,,,
356,Canada,2005,8,8.088888,8.141666333,8.024228014,1.008058094,,,,,,,
357,Canada,2005,9,8.222222,8.108333,7.983795917,1.02986375,,,,,,,
358,Canada,2005,10,8.111111,8.084258917,7.946295917,1.020741121,,,,,,,
359,Canada,2005,11,7.655555,7.99166625,7.906481097,0.968263239,,,,,,,
360,Canada,2005,12,7.955555,7.921295833,7.885030486,1.008944102,,,,,,,
361,Canada,2006,1,8.111111,7.89814775,7.871604569,1.030426634,,,,,,,
362,Canada,2006,2,7.822222,7.89907375,7.856944069,0.995580716,,,,,,,
363,Canada,2006,3,7.9,7.883333,7.837653931,1.007954685,,,,,,,
364,Canada,2006,4,7.844444,7.84537,7.815740333,1.003672546,,,,,,,
365,Canada,2006,5,7.488888,7.862962583,7.796295875,0.960570009,,,,,,,
366,Canada,2006,6,7.577777,7.840740333,7.772221792,0.974982084,,,,,,,
367,Canada,2006,7,8,7.81018475,7.749999569,1.032258122,,,,,,,
368,Canada,2006,8,8.1,7.783332917,7.723302042,1.04877421,,,,,,,
369,Canada,2006,9,8.033333,7.751851417,7.688734139,1.044818673,,,,,,,
370,Canada,2006,10,7.655555,7.72870325,7.650462528,1.000665642,,,,,,,
371,Canada,2006,11,7.866666,7.718518083,7.612962528,1.033325197,,,,,,,
372,Canada,2006,12,7.688888,7.707407,7.572530431,1.015365745,,,,,,,
373,Canada,2007,1,7.744444,7.649999583,7.531635375,1.028255301,,,,,,,
374,Canada,2007,2,7.5,7.5759255,7.496450194,1.000473532,,,,,,,
375,Canada,2007,3,7.522222,7.52222175,7.473302042,1.006545963,,,,,,,
376,Canada,2007,4,7.566666,7.50370325,7.458487222,1.014504118,,,,,,,
377,Canada,2007,5,7.366666,7.4759255,7.44768475,0.989121619,,,,,,,
378,Canada,2007,6,7.444444,7.462036667,7.445678569,0.99983419,,,,,,,
379,Canada,2007,7,7.311111,7.4388885,7.448610653,0.981540228,,,,,,,
380,Canada,2007,8,7.211111,7.437036583,7.456789653,0.967053026,,,,,,,
381,Canada,2007,9,7.388888,7.433332833,7.468209403,0.989378792,,,,,,,
382,Canada,2007,10,7.433333,7.438888417,7.484413111,0.993175135,,,,,,,
383,Canada,2007,11,7.533333,7.463888417,7.506635333,1.003556542,,,,,,,
384,Canada,2007,12,7.522222,7.479629167,7.535802,0.998197936,,,,,,,
385,Canada,2008,1,7.466666,7.4879625,7.576542736,0.985497774,,,,,,,
386,Canada,2008,2,7.477777,7.505555083,7.637808167,0.979047501,,,,,,,
387,Canada,2008,3,7.477777,7.530555083,7.729320514,0.967455934,,,,,,,
388,Canada,2008,4,7.633333,7.57222175,7.852160028,0.972131614,,,,,,,
389,Canada,2008,5,7.666666,7.638888417,8.002314361,0.958056089,,,,,,,
390,Canada,2008,6,7.633333,7.724073583,8.178240306,0.933371082,,,,,,,
391,Canada,2008,7,7.411111,7.855555083,8.379011931,0.884485075,,,,,,,
392,Canada,2008,8,7.422222,8.054629167,8.603240333,0.86272401,,,,,,,
393,Canada,2008,9,7.688888,8.267592167,8.838271194,0.869953844,,,,,,,
394,Canada,2008,10,7.933333,8.47314775,9.072221806,0.87446418,,,,,,,
395,Canada,2008,11,8.333333,8.694444083,9.304320556,0.895641219,,,,,,,
396,Canada,2008,12,8.544444,8.928703333,9.529937819,0.89658969,,,,,,,
397,Canada,2009,1,9.044444,9.2009255,9.744598292,0.928149497,,,,,,,
398,Canada,2009,2,9.866666,9.464814333,9.930246431,0.993597296,,,,,,,
399,Canada,2009,3,10.033333,9.671295833,10.07546249,0.995818605,,,,,,,
400,Canada,2009,4,10.1,9.86574025,10.18888842,0.991275946,,,,,,,
401,Canada,2009,5,10.322222,10.04814767,10.2682094,1.005260177,,,,,,,
402,Canada,2009,6,10.444444,10.21666617,10.31033903,1.013006844,,,,,,,
403,Canada,2009,7,10.677777,10.31481433,10.31357976,1.035312398,,,,,,,
404,Canada,2009,8,10.588888,10.33611067,10.28857976,1.029188502,,,,,,,
405,Canada,2009,9,10.166666,10.35185142,10.25200569,0.991675805,,,,,,,
406,Canada,2009,10,10.266666,10.34166617,10.21141928,1.005410288,,,,,,,
407,Canada,2009,11,10.522222,10.30092542,10.1680551,1.034831332,,,,,,,
408,Canada,2009,12,10.566666,10.23611058,10.11712918,1.044433239,,,,,,,
409,Canada,2010,1,10.222222,10.16481433,10.06188228,1.015935361,,,,,,,
410,Canada,2010,2,10.122222,10.11666625,10.00987611,1.011223504,,,,,,,
411,Canada,2010,3,10.222222,10.10833292,9.958641542,1.026467511,,,,,,,
412,Canada,2010,4,9.977777,10.08148108,9.902160056,1.007636409,,,,,,,
413,Canada,2010,5,9.833333,9.995369917,9.846450181,0.998667826,,,,,,,
414,Canada,2010,6,9.666666,9.904629167,9.803394639,0.986052929,,,,,,,
415,Canada,2010,7,9.822222,9.852777333,9.773302069,1.005005466,,,,,,,
416,Canada,2010,8,10.011111,9.809258833,9.743981097,1.027414863,,,,,,,
417,Canada,2010,9,10.066666,9.769444,9.709413208,1.036794478,,,,,,,
418,Canada,2010,10,9.944444,9.747221833,9.669752736,1.028407269,,,,,,,
419,Canada,2010,11,9.488888,9.737036667,9.624999667,0.985858528,,,,,,,
420,Canada,2010,12,9.477777,9.72407375,9.581018208,0.989224401,,,,,,,
421,Canada,2011,1,9.6,9.6768515,9.537808347,1.006520539,,,,,,,
422,Canada,2011,2,9.6,9.6018515,9.503394778,1.010165338,,,,,,,
423,Canada,2011,3,9.744444,9.531481167,9.481944167,1.027684178,,,,,,,
424,Canada,2011,4,9.711111,9.478703417,9.463734292,1.026139439,,,,,,,
425,Canada,2011,5,9.711111,9.473147917,9.445987375,1.028067328,,,,,,,
426,Canada,2011,6,9.511111,9.464814583,9.425925625,1.009037349,,,,,,,
427,Canada,2011,7,9.255555,9.470370083,9.406944111,0.983906664,,,,,,,
428,Canada,2011,8,9.111111,9.473147833,9.386882361,0.970621624,,,,,,,
429,Canada,2011,9,9.222222,9.422221917,9.370215667,0.984205949,,,,,,,
430,Canada,2011,10,9.311111,9.372221917,9.364505764,0.994298176,,,,,,,
431,Canada,2011,11,9.422222,9.352777417,9.367900792,1.005798653,,,,,,,
432,Canada,2011,12,9.377777,9.3509255,9.373147681,1.000493892,,,,,,,
433,Canada,2012,1,9.666666,9.349999583,9.376388417,1.030958357,,,,,,,
434,Canada,2012,2,9.633333,9.373147667,9.368981,1.028215662,,,,,,,
435,Canada,2012,3,9.133333,9.3879625,9.346604458,0.977181932,,,,,,,
436,Canada,2012,4,9.111111,9.392592083,9.322839028,0.977289319,,,,,,,
437,Canada,2012,5,9.477777,9.38425875,9.298764958,1.019251163,,,,,,,
438,Canada,2012,6,9.488888,9.370369917,9.266511875,1.023997824,,,,,,,
439,Canada,2012,7,9.244444,9.305555083,9.231481014,1.001404215,,,,,,,
440,Canada,2012,8,9.388888,9.238888417,9.207406944,1.019710333,,,,,,,
441,Canada,2012,9,9.4,9.245369917,9.192437819,1.022579667,,,,,,,
442,Canada,2012,10,9.366666,9.248147667,9.168518069,1.021611773,,,,,,,
443,Canada,2012,11,9.322222,9.19074025,9.141203264,1.019802506,,,,,,,
444,Canada,2012,12,9.211111,9.16018475,9.119752653,1.010017634,,,,,,,
445,Canada,2013,1,8.888888,9.161110667,9.104011903,0.976370428,,,,,,,
446,Canada,2013,2,8.833333,9.149073667,9.091048944,0.971651682,,,,,,,
447,Canada,2013,3,9.211111,9.101851417,9.083641528,1.01403286,,,,,,,
448,Canada,2013,4,9.144444,9.084258833,9.080709417,1.007018679,,,,,,,
449,Canada,2013,5,8.788888,9.062036583,9.078240264,0.968126833,,,,,,,
450,Canada,2013,6,9.122222,9.06574025,9.085030375,1.004093726,,,,,,,
451,Canada,2013,7,9.255555,9.083332917,9.088271111,1.018406569,,,,,,,
452,Canada,2013,8,9.244444,9.104629167,9.081789611,1.017909949,,,,,,,
453,Canada,2013,9,8.833333,9.08425875,9.066666139,0.974264726,,,,,,,
454,Canada,2013,10,9.155555,9.069443917,9.058641444,1.010698465,,,,,,,
455,Canada,2013,11,9.055555,9.10277725,9.045987125,1.001057693,,,,,,,
456,Canada,2013,12,9.255555,9.085184667,9.023919222,1.025669088,,,,,,,
457,Canada,2014,1,9.1,9.044443917,8.997067375,1.011440686,,,,,,,
458,Canada,2014,2,9.088888,9.013888333,8.969598236,1.013299343,,,,,,,
459,Canada,2014,3,8.966666,9.036110583,8.942129111,1.002743965,,,,,,,
460,Canada,2014,4,8.966666,8.993518,8.905092083,1.006914462,,,,,,,
461,Canada,2014,5,9.188888,8.970369833,8.874073569,1.035475752,,,,,,,
462,Canada,2014,6,8.911111,8.924073583,8.839197042,1.008135802,,,,,,,
463,Canada,2014,7,8.766666,8.879629083,8.807715569,0.995339363,,,,,,,
464,Canada,2014,8,8.877777,8.849073583,8.783795833,1.01069938,,,,,,,
465,Canada,2014,9,9.1,8.813888417,8.764197083,1.038315309,,,,,,,
466,Canada,2014,10,8.644444,8.807406917,8.745832889,0.988407177,,,,,,,
467,Canada,2014,11,8.777777,8.761110667,8.727314375,1.005782148,,,,,,,
468,Canada,2014,12,8.7,8.73518475,8.713888444,0.998406171,,,,,,,
469,Canada,2015,1,8.566666,8.736110667,8.707715597,0.983801768,,,,,,,
470,Canada,2015,2,8.722222,8.731481083,8.707098306,1.001736939,,,,,,,
471,Canada,2015,3,8.544444,8.70370325,8.711882236,0.980780475,,,,,,,
472,Canada,2015,4,8.888888,8.696295833,8.727314319,1.018513563,,,,,,,
473,Canada,2015,5,8.633333,8.680555083,8.746141472,0.987101915,,,,,,,
474,Canada,2015,6,8.6,8.698147667,8.769443931,0.980677916,,,,,,,
475,Canada,2015,7,8.777777,8.732406917,8.789814292,0.998630541,,,,,,,
476,Canada,2015,8,8.822222,8.760184667,8.805246389,1.001927897,,,,,,,
477,Canada,2015,9,8.766666,8.79629575,8.811419222,0.994920997,,,,,,,
478,Canada,2015,10,8.555555,8.80925875,8.811110583,0.970996212,,,,,,,
479,Canada,2015,11,8.588888,8.820369833,8.809258736,0.974984191,,,,,,,
480,Canada,2015,12,8.911111,8.820369833,8.803240236,1.012253529,,,,,,,
481,Canada,2016,1,8.977777,8.8249995,8.792437778,1.02107939,,,,,,,
482,Canada,2016,2,9.055555,8.797221667,8.775616806,1.031899546,,,,,,,
483,Canada,2016,3,8.977777,8.794443917,8.753548931,1.025615676,,,,,,,
484,Canada,2016,4,9.044444,8.798147667,8.723456361,1.036795924,,,,,,,
485,Canada,2016,5,8.766666,8.784258833,8.677777361,1.01024325,,,,,,,
486,Canada,2016,6,8.6,8.755555083,8.626851444,0.996887457,,,,,,,
487,Canada,2016,7,8.833333,8.724073667,8.572993431,1.030367406,,,,,,,
488,Canada,2016,8,8.488888,8.664814417,8.507715653,0.997786991,,,,,,,
489,Canada,2016,9,8.733333,8.6138885,8.440740347,1.034664335,,,,,,,
490,Canada,2016,10,8.6,8.524073667,8.364505778,1.028153991,,,,,,,
491,Canada,2016,11,8.422222,8.478703333,8.290894667,1.015839947,,,,,,,
492,Canada,2016,12,8.566666,8.432407,8.211419347,1.043262515,,,,,,,
493,Canada,2017,1,8.6,8.332407,8.122376139,1.058803465,,,,,,,
494,Canada,2017,2,8.344444,8.262962583,8.031789708,1.038927101,,,,,,,
495,Canada,2017,3,8.366666,8.156481083,7.940740306,1.053638033,,,,,,,
496,Canada,2017,4,7.966666,8.082407,7.852314361,1.014562794,,,,,,,
497,Canada,2017,5,8.222222,8.001851417,7.768672375,1.058381871,,,,,,,
498,Canada,2017,6,8.044444,7.89814775,7.686264958,1.046599882,,,,,,,
499,Canada,2017,7,7.633333,7.788888417,7.615431611,1.002350673,,,,,,,
500,Canada,2017,8,7.655555,7.716666167,7.558641486,1.012821552,,,,,,,
501,Canada,2017,9,7.455555,7.625925417,7.510801986,0.992644329,,,,,,,
502,Canada,2017,10,7.711111,7.580555083,7.475153847,1.031565525,,,,,,,
503,Canada,2017,11,7.455555,7.507406917,7.439814333,1.002115734,,,,,,,
504,Canada,2017,12,7.322222,7.473147667,7.415585931,0.98740977,,,,,,,
505,Canada,2018,1,7.288888,7.448147667,7.394906903,0.985663254,,,,,,,
506,Canada,2018,2,7.477777,7.429629167,7.376388375,1.013745023,,,,,,,
507,Canada,2018,3,7.277777,7.412036583,7.357252569,0.989197657,,,,,,,
508,Canada,2018,4,7.422222,7.368518,7.342900722,1.010802445,,,,,,,
509,Canada,2018,5,7.344444,7.3620365,7.330555056,1.001894665,,,,,,,
510,Canada,2018,6,7.633333,7.3490735,7.314505694,1.04358836,,,,,,,
511,Canada,2018,7,7.333333,7.3370365,7.294289667,1.005352589,,,,,,,
512,Canada,2018,8,7.433333,7.314814333,7.277623014,1.02139572,,,,,,,
513,Canada,2018,9,7.244444,7.3259255,7.264814375,0.997196023,,,,,,,
514,Canada,2018,10,7.188888,7.294444,7.254629181,0.990938037,,,,,,,
515,Canada,2018,11,7.377777,7.265740333,7.251388444,1.017429566,,,,,,,
516,Canada,2018,12,7.166666,7.227777333,7.255092153,0.98781185,,,,,,,
517,Canada,2019,1,7.144444,7.237036583,7.265740319,0.983305718,,,,,,,
518,Canada,2019,2,7.211111,7.2379625,7.270215653,0.991870303,,,,,,,
519,Canada,2019,3,7.411111,7.264814333,7.275462583,1.018644645,,,,,,,
520,Canada,2019,4,7.044444,7.274999583,7.327777417,0.961334331,,,,,,,
521,Canada,2019,5,7,7.287962583,7.525616931,0.9301563,,,,,,,
522,Canada,2019,6,7.177777,7.291666333,7.883641611,0.91046465,,,,,,,
523,Canada,2019,7,7.444444,7.263888583,8.373147764,0.889085468,,,,,,,
524,Canada,2019,8,7.444444,7.269444083,8.966511931,0.830249718,,,,,,,
525,Canada,2019,9,7.566666,7.578703333,9.643981042,0.784599842,,,,,,,
526,Canada,2019,10,7.311111,8.462036667,10.3254625,0.7080662,,,,,,,
527,Canada,2019,11,7.533333,9.436110667,10.91805507,0.689988551,,,,,,,
528,Canada,2019,12,7.211111,10.22870325,11.3970674,0.63271636,,,,,,,
529,Canada,2020,1,6.811111,10.82407358,11.80509208,0.576963818,,,,,,,
530,Canada,2020,2,7.277777,11.33425875,12.18873406,0.597090474,,,,,,,
531,Canada,2020,3,11.122222,11.66759208,12.54074024,0.8868872,,,,,,,
532,Canada,2020,4,17.644444,12.01759208,12.81635753,1.376712842,,,,,,,
533,Canada,2020,5,18.688888,12.31018467,12.93518469,1.444810294,,,,,,,
534,Canada,2020,6,16.688888,12.67685133,12.89459829,1.2942542,,,,,,,
535,Canada,2020,7,14.588888,13.12592542,12.69799338,1.148912869,,,,,,,
536,Canada,2020,8,13.566666,13.44629583,12.34783908,1.09870771,,,,,,,
537,Canada,2020,9,11.566666,13.32129583,11.87515392,0.974022407,,,,,,,
538,Canada,2020,10,11.511111,12.73055508,11.37901196,1.011609008,,,,,,,
539,Canada,2020,11,11.044444,12.06666625,10.92669715,1.010776069,,,,,,,
540,Canada,2020,12,11.611111,11.49722183,10.53611074,1.102030084,,,,,,,
541,Canada,2021,1,12.2,11.02499967,10.18317863,1.198054208,,,,,,,
542,Canada,2021,2,11.122222,10.61018483,9.856481069,1.128417122,,,,,,,
543,Canada,2021,3,9.622222,10.34444408,9.540894625,1.008524083,,,,,,,
544,Canada,2021,4,10.555555,10.01666625,9.226388431,1.144061415,,,,,,,
545,Canada,2021,5,10.722222,9.72314775,8.913425458,1.202929452,,,,,,,
546,Canada,2021,6,9.855555,9.379629167,8.591203222,1.147168184,,,,,,,
547,Canada,2021,7,8.922222,9.064814333,8.277622972,1.07787248,,,,,,,
548,Canada,2021,8,8.588888,8.716666167,7.978703222,1.076476686,,,,,,,
549,Canada,2021,9,8.377777,8.457406917,7.709413111,1.086694523,,,,,,,
550,Canada,2021,10,7.577777,8.138888417,7.459413125,1.015867719,,,,,,,
551,Canada,2021,11,7.522222,7.789814333,7.252468694,1.037194687,,,,,,,
552,Canada,2021,12,7.488888,7.498147667,7.091048958,1.056104399,,,,,,,
553,Canada,2022,1,8.422222,7.271295833,6.962499597,1.209654935,,,,,,,
554,Canada,2022,2,6.944444,7.1009255,6.842900847,1.014839197,,,,,,,
555,Canada,2022,3,6.511111,6.957407,,,,,,,,,
556,Canada,2022,4,6.733333,6.897221833,,,,,,,,,
557,Canada,2022,5,6.533333,6.821295917,,,,,,,,,
558,Canada,2022,6,6.355555,6.7268515,,,,,,,,,
559,Canada,2022,7,6.2,6.553703333,,,,,,,,,
560,Canada,2022,8,6.544444,,,,,,,,,,
561,Canada,2022,9,6.655555,,,,,,,,,,
562,Canada,2022,10,6.855555,,,,,,,,,,
563,Canada,2022,11,6.611111,,,,,,,,,,
564,Canada,2022,12,6.355555,,,,,,,,,,
565,Canada,2023,1,6.344444,,,,,,,,,,
